<configuration>
    
  <conversionRule conversionWord="coloredLevel" converterClass="play.api.libs.logback.ColoredLevel" />

  <appender name="STDOUT" class="ch.qos.logback.core.ConsoleAppender">
    <encoder>
      <pattern>%coloredLevel - %logger - %message%n%xException{10}</pattern>
    </encoder>
  </appender>

    <appender name="ASYNCSTDOUT" class="ch.qos.logback.classic.AsyncAppender">
        <appender-ref ref="STDOUT" />
    </appender>
    <appender name="FILE" class="ch.qos.logback.core.FileAppender">
        <file>${application.home:-.}/logs/application.log</file>
        <encoder>
            <pattern>%date [%level] from %logger in %thread - %message%n%xException</pattern>
        </encoder>
    </appender>
    <appender name="ASYNCFILE" class="ch.qos.logback.classic.AsyncAppender">
        <appender-ref ref="FILE" />
    </appender>

    <!--
      The logger name is typically the Java/Scala package name.
      This configures the log level to log at for a package and its children packages.
    -->
    <logger name="play" level="INFO" />
    <logger name="application" level="DEBUG" />

    <root level="WARN">
        <appender-ref ref="ASYNCFILE" />
        <appender-ref ref="ASYNCSTDOUT" />
    </root>

</configuration>
